<?xml version="1.0" encoding="utf-8" standalone="yes"?>
<rss version="2.0" xmlns:atom="http://www.w3.org/2005/Atom">
  <channel>
    <title>3 Hot Teapots Slot Canada | Play &amp; Win Big Jackpots on 3 Hot Teapots</title>
    <link>https://3hotteapots.com/terms-and-conditions/</link>
    <description>Recent content in 3 Hot Teapots Slot Canada | Play &amp; Win Big Jackpots on 3 Hot Teapots</description>
    <generator>Hugo</generator>
    <language>en</language>
    <lastBuildDate></lastBuildDate>
    <atom:link href="https://3hotteapots.com/terms-and-conditions/index.xml" rel="self" type="application/rss+xml" />
  </channel>
</rss>
