<?xml version="1.0" encoding="utf-8" standalone="yes"?>
<rss version="2.0" xmlns:atom="http://www.w3.org/2005/Atom">
  <channel>
    <title>Play 3 Hot Teapot Slots in Canada | Play Online &amp; Win Big on 3 Hot Teapots</title>
    <link>https://3hotteapots.com/slot/</link>
    <description>Recent content in Play 3 Hot Teapot Slots in Canada | Play Online &amp; Win Big on 3 Hot Teapots</description>
    <generator>Hugo</generator>
    <language>en</language>
    <lastBuildDate></lastBuildDate>
    <atom:link href="https://3hotteapots.com/slot/index.xml" rel="self" type="application/rss+xml" />
  </channel>
</rss>
